K_share,D_share,AI_share,H_share,K,D,AI,H,gdp_gain,inclusion,green_score,data_security,risk_index
0.10000008632387387,0.10013185361067775,0.6998645804426034,0.10000347962284506,8000.00690590991,8010.54828885422,55989.16643540827,8000.278369827604,97836.72837296159,41363.164598534466,47202.91137246,54078.68718003751,0.3139715190599502
0.10000008632387387,0.10000484293442972,0.6998802054904343,0.10011486525126212,8000.00690590991,8000.387434754378,55990.416439234745,8009.18922010097,97836.4796145904,41367.09180559427,47202.217437415915,54078.48074648575,0.31393008981814957
0.10000038099325026,0.10083345406098002,0.6900862091033637,0.10907995584240604,8000.030479460021,8066.676324878401,55206.896728269094,8726.396467392484,97551.21212192526,41930.72855262204,47385.070747271435,53955.76443362619,0.3083852366241153
0.10101559707171553,0.10013185361067775,0.6864940230452654,0.11235852627234133,8081.247765737243,8010.54828885422,54919.52184362123,8988.682101787306,97422.2744762401,42108.66457463593,47422.120144828,53891.295873386116,0.30629445827581364
0.10001675523219508,0.10013185361067775,0.6751426463660775,0.12470874479104976,8001.340418575606,8010.54828885422,54011.4117092862,9976.69958328398,97104.65241638332,42865.15137487472,47657.3549002884,53761.97972132484,0.2991440260428639
0.10000320509174868,0.10931573706793868,0.6616354644824625,0.12904559335785015,8000.256407339894,8745.258965435094,52930.837158596994,10323.647468628013,96756.51890257317,43334.62663796532,47935.63319771793,53618.69302252494,0.2947086632478475
0.10000100842581752,0.10243622892116129,0.6505098342141217,0.1470529284388995,8000.080674065402,8194.898313692904,52040.78673712973,11764.23427511196,96388.71541966147,44275.38392973452,48118.3883605663,53454.305675675394,0.28528073496171547
0.10000140544119251,0.1135811559607644,0.644107918666823,0.1423095199312201,8000.112435295401,9086.492476861153,51528.63349334584,11384.761594497608,96261.62300580031,44236.62883486862,48271.83689195743,53408.018570950706,0.285897691434405
0.10000099425151579,0.1524608466946022,0.6308166233039847,0.1167215357498973,8000.079540121264,12196.867735568176,50465.32986431877,9337.722859991783,96085.93449705982,43551.78677174435,48640.82259238939,53362.31157968948,0.293474650705747
0.10000128666733268,0.10576250857235092,0.6368370079619945,0.15739919679832193,8000.1029333866145,8461.000685788074,50946.96063695956,12591.935743865753,96002.62180900128,44978.94415202157,48380.60511291325,53289.93314266773,0.27840764567303017
0.10000013198063569,0.13822483399092206,0.6213872109828794,0.14038782304556285,8000.010558450856,11057.986719273764,49710.976878630354,11231.025843645028,95727.1180869987,44671.815183475315,48768.79130239719,53196.07365766163,0.28212230505951263
0.10000008342380759,0.10522847985527038,0.6213872109828794,0.17338422573804269,8000.006673904607,8418.278388421631,49710.976878630354,13870.738059043415,95542.3393972847,45938.878406457734,48663.20425106337,53090.4861013368,0.2689237468959304
0.10000148643679023,0.10228347757108477,0.6125691890808501,0.1851458469112749,8000.118914943218,8182.678205686782,49005.53512646801,14811.66775290199,95264.80812075429,46588.00906575179,48815.99480720856,52968.168965473706,0.2624554098654527
0.1000221165313247,0.13789791235042687,0.6046231845874721,0.15745678653077633,8001.769322505976,11031.83298803415,48369.85476699777,12596.542922462106,95228.66762877519,45702.16200514534,49075.62284668491,52980.09621773982,0.2719405953133044
0.10000201339356585,0.10931573706793868,0.594901822999101,0.19578042653939454,8000.161071485268,8745.258965435094,47592.14583992808,15662.434123151563,94781.22504191224,47392.11116891305,49163.563661843815,52764.52147870885,0.25466807318044843
0.10000207746806489,0.1648344370242432,0.5749378245833783,0.16022566092431367,8000.166197445191,13186.754961939456,45995.02596667026,12818.052873945095,94501.19422959138,46473.99993972015,49708.55938098651,52686.64111365579,0.2648971758988663
0.10000207745921255,0.23053477501432307,0.5532504190574058,0.11621272846905861,8000.166196737004,18442.782001145846,44260.033524592465,9297.018277524689,94227.16891892992,45269.70121746801,50317.848724466356,52619.28340463323,0.27816486777630495
0.10000034228485544,0.10321163236116765,0.5685551346854447,0.22823289066853225,8000.027382788435,8256.930588893412,45484.410774835575,18258.63125348258,93967.21082987037,49228.49840074172,49628.85370902337,52407.77747097175,0.2364178501325847
0.10000207746806489,0.1648344370242432,0.5532504190574058,0.18191306645028615,8000.166197445191,13186.754961939456,44260.033524592465,14553.045316022892,93859.2470260226,47792.594195699276,50107.60764266441,52409.042322923335,0.25188473258328276
0.10008729020816837,0.19590593627576997,0.5383484252885815,0.16565834822748016,8006.98321665347,15672.474902061596,43067.87402308652,13252.667858198412,93590.58049185605,47499.831719642294,50478.98350927691,52316.36219644562,0.25540110835423413
0.10000148643679023,0.10001347660790619,0.5441068571092782,0.25587817984602546,8000.118914943218,8001.0781286324955,43528.548568742255,20470.25438768204,93225.61108900198,50837.686886609416,50068.43771240333,52084.587113155416,0.220470010297238
0.10001018720757554,0.23547112519011626,0.5128233232920681,0.1516953643102401,8000.814976606043,18837.6900152093,41025.86586336545,12135.62914481921,93058.02122589048,47537.57430595878,51077.28950975432,52117.483143425634,0.25588590770186304
0.10001018720757554,0.22041521634073358,0.5128233232920681,0.1667512731596228,8000.814976606043,17633.217307258685,41025.86586336545,13340.101852769823,92973.70813633394,48115.72120577507,51029.1106014363,52069.30423510761,0.24986354416210999
0.10000809131551786,0.11814824064197477,0.5274535969427471,0.2543900710997603,8000.6473052414285,9451.85925135798,42196.28775541976,20351.205687980826,92834.10773689485,51153.39160187876,50432.7145755781,51929.350949873195,0.21773420546971417
0.10000000839065637,0.1441655322729723,0.5165918673981089,0.23924259193826236,8000.000671252509,11533.242581837783,41327.349391848715,19139.40735506099,92658.4461013246,50815.25746577325,50716.03912163498,51873.7054717188,0.22162133620087743
0.10008640030958589,0.12832373822117818,0.5160822875794391,0.25550757388979684,8006.912024766872,10265.899057694254,41286.583006355126,20440.605911183746,92553.05888069361,51448.82838692036,50672.44090267303,51815.10683837121,0.21500824394139392
0.10000066729934538,0.10094249179200453,0.5157529275666548,0.28330391334199523,8000.05338394763,8075.399343360362,41260.23420533238,22664.313067359617,92391.55233170025,52525.98601045787,50593.14448980524,51724.64276979806,0.20382898013857212
0.10001730556057088,0.1590440992240576,0.49262385096476335,0.24831474425060818,8001.38444484567,12723.527937924608,39409.90807718107,19865.179540048655,92031.99452189723,51700.02736191667,51204.20539296628,51614.24952089682,0.21319783415907512
0.10006617971935863,0.2485662611462158,0.4597521597247717,0.19161539940965389,8005.294377548691,19885.300891697265,36780.17277798174,15329.23195277231,91559.41728343586,50257.72992735378,52094.22515214102,51479.18080463523,0.22930030139793126
0.10000140936327641,0.2533349945384334,0.4564241835912214,0.19023941250706877,8000.112749062113,20266.79956307467,36513.93468729771,15219.153000565502,91488.80587143109,50281.25226565634,52172.42979725402,51452.878982678194,0.22918898715362018
0.10001730556057088,0.1590440992240576,0.46799721032616615,0.2729413848892054,8001.38444484567,12723.527937924608,37439.77682609329,21835.31079113643,91303.04595899474,53197.32711274338,51657.33558071646,51299.02852072277,0.19842184977591681
0.10000285266015553,0.13107606841632338,0.45975229742434404,0.30916878149917704,8000.2282128124425,10486.085473305871,36780.18379394752,24733.50251993416,90902.64149794514,54773.549872778734,51719.9258360962,51104.22718340135,0.18228277572558862
0.10006123634977093,0.10065327078818075,0.45149310428470574,0.3477923885773426,8004.898907981675,8052.26166305446,36119.44834277646,27823.39108618741,90486.72745440532,56440.06756759896,51773.00070804964,50900.22241977008,0.1651779912450178
0.10389521238423009,0.1242987392066222,0.43751990241106775,0.33428614599807993,8311.616990738408,9943.899136529775,35001.59219288542,26742.891679846394,90134.99014305486,56127.0762455599,52004.55615415387,50735.68731817518,0.16755580933992775
0.10001723511762622,0.18331673309136146,0.42320673039226586,0.29345930139874643,8001.378809410098,14665.338647308916,33856.53843138127,23476.744111899716,90113.17579875837,54988.523829631566,52559.154699569335,50803.383933031335,0.181256591411897
0.10001769088732108,0.10294630999508639,0.43751990241106775,0.35951609670652473,8001.415270985687,8235.70479960691,35001.59219288542,28761.28773652198,90086.7629350134,57204.47695467764,52038.59494819536,50729.399888648804,0.15769648034636438
0.10138996587215571,0.2492882728796984,0.4017633297902827,0.24755843145786316,8111.197269772457,19943.06183037587,32141.066383222613,19804.674516629053,89822.633517871,53667.826136259246,53128.582106048925,50718.05364057616,0.19524589542258192
0.1013390152248682,0.24487070481078174,0.39456717664155916,0.25922310332279097,8107.1212179894555,19589.65638486254,31565.374131324734,20737.84826582328,89585.82649539296,54278.36998452794,53248.200203253306,50612.62187280857,0.18914385308570336
0.1000000897101798,0.10010312628680067,0.4204472447820966,0.37944953922092295,8000.007176814384,8008.250102944054,33635.77958256773,30355.963137673836,89565.81430208884,58352.841511079445,52344.09833177844,50502.053301965716,0.14630962788543936
0.10000008877859486,0.2198963504313775,0.3926150324635943,0.28748852832643335,8000.007102287588,17591.7080345102,31409.202597087544,22999.082266114667,89412.82288981197,55444.98027474987,53239.54938029537,50529.1393164569,0.17752758983542985
0.1013390152248682,0.12171538933121044,0.39456717664155916,0.38237841880236223,8107.1212179894555,9737.231146496835,31565.374131324734,30590.27350418898,88896.15672870737,59007.53409894348,52854.10319371866,50218.52486327394,0.13988172689387485
0.1000005907429881,0.2349522592807602,0.37109530149521813,0.2939518484810335,8000.0472594390485,18796.180742460816,29687.624119617452,23516.14787848268,88860.14270655974,56175.19968737512,53683.678086571534,50301.85763694941,0.17063828546205093
0.1000012027641411,0.1137158597668241,0.38309906071641825,0.4031838767526166,8000.096221131287,9097.268781345929,30647.92485731346,32254.710140209325,88536.51888104,60100.80822985675,53074.836281098425,50067.53948419773,0.12934618927638858
0.10000088071858987,0.10366304454979366,0.38309906071641825,0.4132370140151982,8000.07045748719,8293.043563983492,30647.92485731346,33058.961121215856,88480.22904146276,60486.857718015315,53042.67577440647,50035.375628232054,0.12532495369408897
0.1000003784294786,0.10205471678519171,0.37036583522504557,0.42757906956028413,8000.030274358289,8164.377342815336,29629.266818003645,34206.32556482273,88094.32817355602,61322.83096604848,53271.83373503354,49867.25172972154,0.11704151651512675
0.10000028776725209,0.23018299829076241,0.3441082382001885,0.32570847574179695,8000.023021380167,18414.639863260993,27528.65905601508,26056.678059343758,88034.62334623642,57999.172875317716,54164.98641459152,49941.16643921682,0.15253824007728378
0.10042708887657915,0.2307935330093769,0.3367957018207479,0.33198367629329595,8034.167110126333,18463.482640750153,26943.656145659832,26558.694103463677,87813.73812341758,58391.99096033359,54290.22324578655,49842.69086691031,0.14854004451423644
0.10312616072364239,0.10376695618262806,0.35462766911010746,0.4384792139836221,8250.092857891392,8301.356494610245,28370.213528808596,35078.33711868977,87580.55260296687,62006.4095286427,53484.37450505428,49621.26985281551,0.1093462785851541
0.10000474096705785,0.16741713373323694,0.3367957018207479,0.3957824234789573,8000.379277364627,13393.370698658955,26943.656145659832,31662.593878316584,87466.6014890064,60853.68859372958,54098.568752914274,49646.643955779,0.12304588651454319
0.10590195771605629,0.2499329528607171,0.30402399121984325,0.34014109820338334,8472.156617284503,19994.63622885737,24321.91929758746,27211.28785627067,86850.13865415195,59286.02595163585,54809.9323270053,49396.86121331139,0.13839424149965193
0.10013357075234144,0.17722678725709604,0.30047747528611335,0.42216216670444917,8010.685660187316,14178.142980567683,24038.198022889068,33772.973336355935,86444.14557526562,62676.591773976346,54794.81390609641,49211.1002708475,0.10522261413030251
0.10000426826604018,0.16583147499268897,0.29894332355858855,0.4352209331826823,8000.341461283215,13266.517999415117,23915.465884687084,34817.67465461458,86337.30010119814,63216.03387505349,54789.99088427512,49157.066969269894,0.09970003534268237
0.108791861790262,0.10536626366456542,0.30203627511283593,0.4838055994323367,8703.348943220959,8429.301093165233,24162.902009026875,38704.44795458693,85928.5545629207,64766.35032554686,54307.59943038751,48862.56657652672,0.08035750354221681
0.1000004613075483,0.10007255761224663,0.2974628575791116,0.5024641235010934,8000.036904603864,8005.804608979731,23797.028606328928,40197.12988008747,85925.29841891139,65831.44141605853,54606.90342638426,48927.749380451045,0.07250689443693208
0.10000121307990151,0.1829458800510566,0.279651723574845,0.43740118329419686,8000.09704639212,14635.670404084529,22372.137885987602,34992.09466353575,85862.16562543114,63731.97286418338,55199.80307707683,48964.94946864297,0.09496979861249616
0.10000121307990151,0.20671184938241544,0.26851540304934696,0.42477153448833604,8000.09704639212,16536.947950593236,21481.232243947758,33981.722759066884,85665.61996613201,63496.44792980948,55480.762476606345,48898.45566777694,0.09779439402974086
0.10204297964731804,0.123292222717223,0.27541411198775373,0.49925068564770525,8163.438371785443,9863.37781737784,22033.128959020298,39940.05485181642,85365.10333654331,66144.7467902213,55032.980789431254,48687.148071781274,0.06925996935962957
0.10000585922592013,0.11811164364484059,0.2594329941165374,0.5224495030127019,8000.46873807361,9448.931491587247,20754.639529322994,41795.96024101615,84900.53402050369,67450.59778915155,55364.23548435492,48498.60583674045,0.05690644606467152
0.10041746796957425,0.2499329528607171,0.2291400801330508,0.4205094990366579,8033.39743756594,19994.63622885737,18331.206410644063,33640.75992293263,84734.48949731817,64203.137864879245,56332.5868203094,48526.09898734416,0.09159916833377255
0.10000001980975452,0.11563911686770707,0.247728259203298,0.5366326041192404,8000.001584780362,9251.129349416566,19818.26073626384,42930.60832953923,84540.3351623773,68257.57843735183,55571.84468165846,48340.9665748228,0.04889260900437818
0.10000213739821545,0.10002140759618086,0.22914394848015546,0.5708325065254483,8000.170991857236,8001.712607694469,18331.515878412436,45666.600522035864,83902.74142942406,69987.0839574717,55863.76342496004,48053.07684648232,0.03149565884195887
0.10000056802213292,0.11228046848730146,0.21971963908517828,0.5679993244053874,8000.045441770633,8982.437478984117,17577.571126814262,45439.945952430986,83692.46148884292,70089.43823703915,56076.44114420778,47971.69979109552,0.03074416397355273
0.10000166917751334,0.4899270383167434,0.14326395567837852,0.2668073368273647,8000.133534201067,39194.16306533947,11461.11645427028,21344.586946189174,83544.17378978751,60236.24239000474,58691.665671845054,48201.5184484566,0.13592975625407902
0.10000111909149818,0.6837771006903592,0.10017652027916181,0.11604525993898074,8000.089527319855,54702.168055228736,8014.121622332945,9283.620795118459,83354.35617284564,55412.15259284168,60104.80920505701,48270.32827631844,0.18761713293475016
0.1000138088628759,0.13789791235042687,0.19900257406298208,0.5630857047237151,8001.104709030073,11031.83298803415,15920.205925038566,45046.85637789721,83222.45041834973,70364.44675421933,56539.26140278257,47788.28532572152,0.028565404391337812
0.10000493649737181,0.5294183003492948,0.12436106884628348,0.24621569430704981,8000.3949197897455,42353.464027943584,9948.885507702678,19697.255544563985,83205.7392882544,59868.85649730754,59165.7645708155,48085.88125839221,0.14038563985659444
0.10000493649737181,0.4899270383167434,0.12436106884628348,0.2857069563396013,8000.3949197897455,39194.16306533947,9948.885507702678,22856.556507168105,82984.58822087212,61385.320959357516,59039.39253231135,47959.50921988805,0.12458913504357386
0.10000498250766557,0.5736481337501474,0.10299459982169043,0.22335228392049655,8000.398600613245,45891.8507000118,8239.567985735235,17868.182713639726,82820.97802558182,59469.50915632656,59700.441853079,47953.925185595464,0.14525770744567953
0.10000029326235016,0.11085617491826522,0.18786309352910294,0.6012804382902817,8000.023460988013,8868.493993461218,15029.047482328235,48102.43506322253,82741.53675197648,72081.02732394909,56658.051096676914,47559.382664713354,0.011060425793966919
0.10433352472302282,0.16738866453043,0.1709646776905277,0.5573131330560195,8346.681977841825,13391.0931624344,13677.174215242216,44585.05064448156,82478.19412610642,70649.87683683868,57035.48860430387,47454.65520536776,0.025007670832316392
0.10000020914801967,0.23248797751211103,0.1300076500693324,0.5375041632705368,8000.016731841574,18599.038200968884,10400.612005546593,43000.333061642945,81710.15526779651,70927.98265189101,58111.81524525532,47208.05610255789,0.024999852156770558
0.10000008342380759,0.10522847985527038,0.15195610473188734,0.6428153319890347,8000.006673904607,8418.278388421631,12156.488378550986,51425.22655912278,81647.17865225532,74480.28966651805,57300.73660608163,47081.7679413241,-0.012734916854664866
0.10001655878619214,0.10013185361067775,0.14376596710576675,0.6560856204973633,8001.324702895372,8010.54828885422,11501.27736846134,52486.84963978906,81375.90632488455,75172.86651791619,57434.69098485258,46960.3613699289,-0.019682048304963506
0.1000495754911623,0.16741906893729658,0.12969969013398178,0.6028316654375594,8003.966039292984,13393.525514983727,10375.975210718541,48226.533235004754,81335.74542497734,73442.07478004854,57907.95792916741,46995.10384645572,-0.0011957026776971136
0.10022531055126485,0.2371321453568613,0.1047447324966092,0.5578978115952646,8018.024844101188,18970.571628548903,8379.578599728737,44631.82492762117,80984.23838175478,72270.68526189869,58585.57158865096,46895.95047227832,0.011776303228140092
0.10000193488024563,0.22992206845126167,0.10000845176971336,0.5700675448987793,8000.15479041965,18393.765476100933,8000.676141577069,45605.403591902344,80807.77815391406,72850.35022782466,58655.54402564283,46815.82784361244,0.00597455630161621
0.1000173886723434,0.17722678725709604,0.10713708734056189,0.6156187367299987,8001.3910937874725,14178.142980567683,8570.96698724495,49249.49893839989,80723.40784234925,74439.40185117774,58355.3442512065,46738.2022184244,-0.01082112054422768
0.10000276613197594,0.1348006873742995,0.10415455697691255,0.661041989516812,8000.2212905580745,10784.054989943961,8332.364558153004,52883.35916134496,80397.80783898433,76250.8728694674,58274.84532533841,46564.49627079062,-0.029586050379260848
0.10000111909149818,0.10588752687936226,0.10641776301548855,0.687693591013651,8000.089527319855,8471.00215034898,8513.421041239084,55015.48728109208,80302.91534449931,77223.6446688153,58140.723702513416,46500.96954714824,-0.03979395094785258
0.10000193159858489,0.10007255761224663,0.10000945379209569,0.6999160569970728,8000.154527886792,8005.804608979731,8000.756303367655,55993.28455976582,80080.65061346066,77836.51073898427,58240.007240381994,46400.322287320654,-0.04596464793632507
